TOKEN	AVERAGE_ATTENTION	REP_POS	DIST_POS	N_OCCURRENCES_TEST	TRUEPOS	FALSEPOS	TRUENEG	FALSENEG
pourrait	0.27	0.00	0.04	30	10	6	13	1
féminisme	0.26	0.01	0.26	98	35	23	26	14
important	0.23	0.00	-0.13	33	6	8	17	2
députées	0.21	0.00	-0.41	21	0	3	17	1
filles	0.20	0.02	0.55	96	61	14	14	7
seins	0.20	0.01	0.82	27	24	3	0	0
sexes	0.20	0.01	0.39	40	21	8	9	2
féministe	0.19	0.03	0.18	213	78	41	79	15
femmes	0.19	0.12	0.20	993	350	208	351	84
connasse	0.19	0.01	0.29	89	40	31	11	7
miss	0.19	0.01	0.55	29	17	4	5	3
égalité	0.18	0.01	0.33	35	18	5	10	2
touche	0.18	0.01	0.56	25	16	3	4	2
sexisme	0.16	0.04	-0.17	659	72	98	425	64
sexistes	0.16	0.01	0.22	107	40	13	45	9
françaises	0.16	0.00	-0.23	49	3	4	34	8
wauquiez	0.16	0.00	-0.51	25	0	6	19	0
stéréotypes	0.16	0.01	0.52	59	41	3	14	1
sexe	0.16	0.01	0.18	75	31	17	25	2
actrice	0.15	0.00	-0.11	21	4	4	12	1
viol	0.15	0.03	0.05	359	115	76	150	18
international	0.15	0.00	-0.34	20	1	1	17	1
acrimed	0.15	0.00	-0.41	38	0	0	36	2
parité	0.14	0.00	0.32	24	9	3	8	4
féministes	0.14	0.01	0.09	83	21	21	32	9
nord	0.14	0.00	0.02	20	6	1	13	0
bite	0.14	0.01	0.75	24	20	4	0	0
annonce	0.14	0.00	-0.37	23	1	0	21	1
grave	0.13	0.00	0.11	31	12	8	9	2
sexiste	0.13	0.02	0.25	124	49	36	29	10
droit	0.12	0.02	0.22	133	51	35	34	13
garçons	0.12	0.01	0.60	40	26	4	7	3
racisme	0.12	0.00	-0.31	58	4	9	42	3
terriens	0.12	0.00	-0.21	21	2	0	18	1
retrouvez	0.12	0.00	-0.51	28	0	0	28	0
pute	0.12	0.02	0.95	66	64	2	0	0
enfant	0.12	0.00	-0.03	45	9	12	20	4
migrants	0.12	0.00	-0.40	31	1	1	27	2
harcèlement	0.12	0.03	0.06	305	71	74	124	36
solidaire	0.12	0.00	-0.37	21	2	2	17	0
états	0.11	0.00	-0.13	29	4	6	16	3
crise	0.11	0.00	-0.05	24	3	2	15	4
public	0.11	0.01	-0.06	66	13	18	30	5
problème	0.11	0.01	0.22	66	29	17	18	2
violences	0.11	0.01	-0.02	157	32	32	78	15
concours	0.11	0.00	0.09	22	8	4	9	1
peut	0.11	0.04	0.32	264	123	62	58	21
figaro	0.11	0.00	-0.35	29	1	2	25	1
pays	0.11	0.01	-0.16	90	17	14	54	5
remarque	0.11	0.00	0.52	22	12	6	1	3
jeu	0.10	0.01	0.03	47	11	4	26	6
européenne	0.10	0.00	-0.44	28	1	1	26	0
taubira	0.10	0.01	-0.39	253	4	11	222	16
entreprises	0.10	0.00	-0.32	37	0	10	23	4
chancelière	0.10	0.00	-0.47	78	0	1	75	2
rue	0.10	0.02	0.57	94	59	20	8	7
theresa	0.10	0.00	-0.46	272	1	1	264	6
tir	0.10	0.01	0.38	70	40	20	9	1
solidarité	0.10	0.00	-0.44	40	1	1	37	1
schiappa	0.10	0.00	-0.01	24	6	3	14	1
chronique	0.10	0.00	-0.30	22	0	1	18	3
dame	0.10	0.00	0.02	22	5	7	8	2
française	0.10	0.00	-0.21	70	7	13	42	8
drague	0.09	0.01	0.06	57	14	12	24	7
no	0.09	0.00	0.16	22	7	3	11	1
féminin	0.09	0.01	0.07	55	17	6	29	3
bébé	0.09	0.00	-0.26	30	4	7	19	0
lire	0.09	0.00	-0.36	69	1	4	58	6
mecs	0.09	0.01	0.74	56	45	8	1	2
mondial	0.09	0.00	-0.45	29	1	1	27	0
situation	0.09	0.00	0.20	36	14	8	12	2
droits	0.09	0.01	-0.00	72	15	11	40	6
dérailler	0.09	0.00	-0.44	71	1	0	69	1
porc	0.09	0.02	0.26	155	69	39	40	7
robe	0.09	0.01	0.57	56	30	6	14	6
match	0.09	0.00	-0.49	207	0	1	202	4
fille	0.09	0.03	0.03	265	67	69	99	30
salope	0.09	0.02	0.52	116	77	34	3	2
abus	0.09	0.00	0.30	21	4	2	11	4
parents	0.09	0.00	-0.08	21	6	4	11	0
cas	0.09	0.01	0.23	55	19	17	13	6
délation	0.09	0.00	-0.11	35	4	7	19	5
jazz	0.09	0.00	-0.28	21	0	2	16	3
femme	0.09	0.23	0.26	1644	725	382	427	110
violence	0.09	0.01	0.02	93	23	22	39	9
marre	0.09	0.00	0.21	29	13	8	6	2
jeunes	0.09	0.01	0.07	64	21	14	26	3
social	0.09	0.00	0.28	22	10	4	8	0
festival	0.09	0.00	-0.33	36	1	4	28	3
handball	0.09	0.00	-0.51	20	0	0	20	0
berlin	0.08	0.00	-0.47	40	1	1	38	0
élu	0.08	0.00	0.02	20	4	3	11	2
fesses	0.08	0.01	0.77	26	22	4	0	0
rend	0.08	0.00	0.19	29	10	6	10	3
excuses	0.08	0.00	-0.18	23	3	0	19	1
pensent	0.08	0.00	0.52	25	14	7	1	3
commentaires	0.08	0.01	0.46	35	17	1	14	3
bravo	0.08	0.01	-0.16	113	14	19	68	12
bardot	0.08	0.00	0.08	23	8	12	3	0
accident	0.08	0.00	0.33	25	12	8	5	0
>>	0.08	0.00	-0.42	56	0	2	51	3
monde	0.07	0.03	-0.11	372	65	58	218	31
pôles	0.07	0.00	-0.26	20	1	0	17	2
va	0.07	0.04	0.16	291	111	66	95	19
certain	0.07	0.00	0.34	23	12	4	6	1
merkel	0.07	0.01	-0.43	525	4	13	489	19
1er	0.07	0.00	-0.29	38	3	3	30	2
gros	0.07	0.01	0.26	85	39	18	24	4
trouve	0.07	0.01	0.10	55	17	20	12	6
an	0.07	0.00	-0.42	36	1	4	30	1
raison	0.07	0.01	0.01	57	13	12	26	6
anglais	0.07	0.00	-0.38	31	1	3	26	1
collectif	0.07	0.00	-0.49	116	0	2	112	2
québécoises	0.07	0.00	-0.41	33	2	0	31	0
grossesse	0.07	0.00	-0.51	21	0	0	21	0
porter	0.07	0.01	0.36	41	21	9	9	2
on	0.07	0.12	0.19	999	353	236	315	95
doit	0.07	0.02	0.24	115	42	27	30	16
présente	0.07	0.00	-0.23	48	4	4	36	4
jupe	0.07	0.01	0.87	23	20	2	0	1
créatrice	0.07	0.00	-0.42	105	1	1	99	4
mec	0.07	0.02	0.62	110	76	23	4	7
explique	0.07	0.00	-0.40	30	1	5	23	1
veulent	0.07	0.01	0.15	44	14	6	20	4
deneuve	0.07	0.01	-0.23	299	31	45	202	21
victimes	0.06	0.02	0.07	187	49	36	83	19
maire	0.06	0.00	0.16	20	6	2	10	2
hashtag	0.06	0.02	0.07	204	61	38	93	12
réponse	0.06	0.00	-0.17	53	4	12	29	8
!!!!	0.06	0.00	0.08	37	11	7	16	3
vient	0.06	0.01	0.19	78	31	17	24	6
société	0.06	0.01	0.20	84	34	16	27	7
démission	0.06	0.00	-0.44	27	0	1	25	1
solidaires	0.06	0.00	-0.51	25	0	1	24	0
porcs	0.06	0.01	0.30	59	21	16	11	11
présence	0.06	0.00	-0.27	31	4	3	23	1
bei	0.06	0.00	-0.09	25	4	2	16	3
sait	0.06	0.01	0.26	45	18	13	9	5
ménage	0.06	0.01	0.63	30	19	5	3	3
l	0.06	0.01	0.21	76	28	21	20	7
gens	0.06	0.01	0.18	94	37	29	22	6
séduction	0.06	0.00	0.10	28	8	8	8	4
jouer	0.06	0.01	0.48	32	17	6	5	4
enfants	0.06	0.01	0.24	60	19	25	7	9
maintenant	0.06	0.01	-0.01	105	28	26	46	5
lettre	0.06	0.00	-0.41	50	2	2	44	2
pu	0.06	0.01	0.09	44	16	10	17	1
sexuelle	0.06	0.01	0.10	140	39	29	56	16
marques	0.06	0.00	-0.31	22	1	0	20	1
consentement	0.06	0.00	0.35	29	15	5	7	2
macron	0.06	0.00	-0.39	243	9	16	212	6
procès	0.05	0.01	-0.03	124	16	12	81	15
ségolène	0.05	0.00	-0.44	203	2	5	189	7
armes	0.05	0.00	-0.35	27	1	2	23	1
dénoncent	0.05	0.00	0.03	29	5	3	16	5
joue	0.05	0.00	-0.01	23	6	7	9	1
petite	0.05	0.01	0.29	50	19	15	9	7
présent	0.05	0.00	0.04	21	6	5	7	3
new	0.05	0.00	-0.51	25	0	0	25	0
cinéma	0.05	0.00	-0.26	23	5	4	14	0
formations	0.05	0.00	0.16	24	13	5	6	0
homme	0.05	0.07	0.42	406	220	106	58	22
dénoncer	0.05	0.01	0.20	57	24	14	17	2
...	0.05	0.16	0.14	1651	572	373	581	125
monsieur	0.05	0.00	0.28	20	8	4	5	3
début	0.05	0.00	0.17	30	10	4	13	3
cest	0.05	0.00	0.55	20	11	5	1	3
publicité	0.05	0.00	-0.29	25	1	6	15	3
blog	0.05	0.00	-0.34	28	2	5	20	1
bol	0.05	0.00	-0.26	20	2	2	16	0
donné	0.05	0.00	0.20	21	7	4	6	4
commence	0.05	0.00	-0.20	34	7	10	17	0
hommes	0.05	0.05	0.26	399	164	89	109	37
européen	0.05	0.00	-0.51	29	0	1	28	0
marie	0.05	0.00	-0.14	48	8	10	27	3
féminine	0.05	0.00	0.24	28	10	5	10	3
fmi	0.05	0.00	-0.45	26	0	2	23	1
conne	0.05	0.01	0.03	102	24	28	39	11
veut	0.05	0.02	0.19	132	42	24	51	15
!!!	0.05	0.01	-0.01	107	31	24	48	4
tweet	0.05	0.00	0.08	34	11	3	18	2
diffamation	0.05	0.00	-0.39	200	5	3	187	5
oh	0.05	0.00	0.17	22	9	5	7	1
milliers	0.05	0.00	-0.13	23	3	3	14	3
semble	0.05	0.00	0.04	30	9	11	8	2
ville	0.05	0.00	0.22	28	11	3	12	2
souhaite	0.05	0.00	0.27	32	14	5	11	2
militaire	0.05	0.00	-0.42	20	1	2	17	0
déposée	0.05	0.00	0.65	22	19	2	1	0
presse	0.05	0.01	-0.24	213	30	24	152	7
sorti	0.05	0.00	-0.51	25	0	0	25	0
vont	0.05	0.01	0.14	51	17	9	20	5
appelle	0.05	0.00	-0.09	20	5	2	13	0
porté	0.05	0.00	0.04	23	5	4	12	2
genre	0.05	0.03	0.50	128	80	25	16	7
parlement	0.05	0.00	-0.45	28	1	1	26	0
christine	0.05	0.00	-0.38	150	5	11	127	7
charte	0.05	0.00	-0.35	20	2	1	16	1
publique	0.05	0.00	-0.10	23	7	5	11	0
meurtre	0.05	0.00	0.04	23	6	5	10	2
millions	0.05	0.00	-0.29	58	7	9	41	1
mademoiselle	0.04	0.01	0.94	28	26	1	0	1
journalistes	0.04	0.00	0.05	37	7	8	16	6
bergé	0.04	0.01	0.14	111	36	19	46	10
victime	0.04	0.01	0.31	84	37	17	22	8
vague	0.04	0.00	0.02	22	6	3	11	2
rôle	0.04	0.00	-0.11	31	3	8	15	5
pécresse	0.04	0.00	-0.08	44	9	5	29	1
est	0.04	0.18	0.11	1641	530	349	609	153
valérie	0.04	0.00	-0.17	35	7	6	22	0
change	0.04	0.01	0.18	39	11	11	11	6
europe	0.04	0.00	-0.46	37	0	7	28	2
royaume	0.04	0.00	-0.43	45	1	1	42	1
ben	0.04	0.01	0.19	41	13	13	9	6
foot	0.04	0.01	0.09	74	23	13	31	7
propos	0.04	0.01	0.06	108	33	18	50	7
pub	0.04	0.01	0.36	64	26	11	20	7
claire	0.04	0.00	-0.22	28	5	8	14	1
métro	0.04	0.01	0.46	52	28	10	13	1
parisien	0.04	0.00	-0.01	75	17	12	39	7
sexuel	0.04	0.02	0.03	197	42	57	75	23
mot	0.04	0.01	0.01	61	13	10	32	6
république	0.04	0.00	-0.19	37	6	8	22	1
syrie	0.04	0.00	-0.46	42	0	0	40	2
fond	0.04	0.01	0.17	49	15	4	23	7
eu	0.04	0.01	0.08	76	23	19	27	7
envisageons	0.04	0.00	-0.51	24	0	1	23	0
parlé	0.04	0.00	0.32	21	11	4	5	1
gagner	0.04	0.00	-0.25	21	4	1	16	0
sexuelles	0.04	0.01	-0.12	184	28	32	109	15
grand	0.04	0.02	0.21	116	49	25	35	7
existe	0.04	0.00	0.16	28	11	11	5	1
haine	0.04	0.00	-0.11	31	6	16	7	2
aura	0.04	0.00	-0.04	46	15	7	24	0
aucun	0.04	0.00	-0.04	42	12	11	17	2
com	0.04	0.00	-0.23	56	3	4	44	5
arrive	0.04	0.00	0.06	37	13	11	12	1
certains	0.04	0.01	0.18	65	26	19	16	4
partout	0.04	0.00	0.12	42	14	6	19	3
voulons	0.04	0.00	-0.51	26	0	1	25	0
canada	0.04	0.00	-0.33	76	3	5	63	5
français	0.04	0.01	-0.22	116	16	13	80	7
médiatique	0.04	0.00	-0.23	82	7	8	64	3
cul	0.04	0.01	0.87	52	48	3	1	0
masculin	0.04	0.01	0.81	24	20	2	1	1
ce	0.04	0.14	0.11	1197	372	268	444	113
tellement	0.04	0.01	0.29	84	33	22	17	12
agression	0.04	0.01	0.26	43	16	12	11	4
inconduite	0.04	0.00	-0.13	20	5	5	9	1
aurore	0.04	0.01	0.16	102	35	16	43	8
brexit	0.04	0.00	-0.48	73	0	0	72	1
plan	0.04	0.00	-0.26	39	4	5	28	2
plainte	0.04	0.02	0.33	124	61	24	30	9
honte	0.04	0.01	0.51	43	20	7	7	9
juge	0.04	0.00	0.28	24	10	5	6	3
permis	0.04	0.00	-0.06	21	3	3	11	4
agresseurs	0.04	0.00	0.53	20	15	2	3	0
guerre	0.04	0.00	-0.09	48	9	13	21	5
tv	0.04	0.01	0.33	37	19	11	5	2
politiques	0.04	0.01	0.19	45	15	4	21	5
uni	0.04	0.00	-0.47	44	0	0	43	1
il	0.04	0.14	0.19	1181	425	267	372	117
l'intérieur	0.04	0.00	-0.39	34	1	2	30	1
peine	0.04	0.00	0.01	23	7	7	8	1
niveau	0.03	0.00	0.13	36	11	4	16	5
ensemble	0.03	0.00	-0.16	68	10	5	46	7
moins	0.03	0.02	0.22	124	50	30	32	12
..."	0.03	0.00	0.08	22	6	5	10	1
personnalité	0.03	0.00	-0.29	47	3	2	39	3
c	0.03	0.02	0.17	156	65	42	38	11
lagarde	0.03	0.00	-0.40	131	4	9	113	5
réaction	0.03	0.00	0.01	28	7	4	15	2
accord	0.03	0.00	-0.27	22	1	2	17	2
ces	0.03	0.03	0.19	231	85	52	72	22
truc	0.03	0.00	0.34	23	11	7	3	2
beaucoup	0.03	0.01	0.02	86	22	25	31	8
caution	0.03	0.00	-0.46	50	0	0	49	1
vouloir	0.03	0.00	0.11	25	7	10	6	2
dénonce	0.03	0.00	-0.16	61	11	7	41	2
mme	0.03	0.00	-0.13	21	2	3	13	3
si	0.03	0.07	0.28	477	215	127	103	32
fort	0.03	0.01	0.13	45	15	13	13	4
scandale	0.03	0.00	-0.10	43	9	5	27	2
aujourd'hui	0.03	0.01	-0.18	169	23	35	97	14
voici	0.03	0.00	-0.11	51	9	6	32	4
sommes	0.03	0.01	-0.05	62	16	9	32	5
souligner	0.03	0.00	-0.40	26	2	1	23	0
salon	0.03	0.00	-0.13	22	4	5	12	1
plus	0.03	0.08	0.03	793	224	197	311	61
dieu	0.03	0.00	0.39	22	10	3	6	3
peux	0.03	0.01	0.37	49	26	10	10	3
fait	0.03	0.08	0.14	651	209	126	256	60
bleues	0.03	0.00	-0.49	277	0	0	274	3
meuf	0.03	0.01	0.68	47	36	6	4	1
signe	0.03	0.00	-0.19	30	5	2	21	2
rire	0.03	0.01	0.24	44	17	9	14	4
où	0.03	0.02	0.11	179	64	37	68	10
eric	0.03	0.00	0.01	29	9	2	17	1
aurait	0.03	0.02	0.35	98	47	20	25	6
faut	0.03	0.03	0.19	230	90	52	72	16
sexuels	0.03	0.00	0.12	43	12	9	17	5
chez	0.03	0.02	0.20	125	54	17	51	3
italie	0.03	0.00	-0.37	22	2	1	19	0
savent	0.03	0.00	0.24	25	11	8	5	1
madame	0.03	0.00	-0.04	44	12	6	24	2
merci	0.03	0.01	-0.14	219	34	39	129	17
mouvement	0.03	0.02	-0.19	308	31	42	211	24
film	0.03	0.00	-0.26	65	6	17	39	3
bande	0.03	0.00	0.39	27	13	4	7	3
débat	0.03	0.01	0.18	110	35	16	47	12
heureusement	0.03	0.00	0.11	22	7	10	3	2
!	0.03	0.16	0.03	2131	579	435	936	181
incroyable	0.03	0.00	-0.01	24	6	7	9	2
dénonciation	0.03	0.00	0.09	29	5	3	16	5
direct	0.03	0.00	-0.45	53	1	4	47	1
quotidien	0.03	0.00	-0.12	41	6	6	25	4
facile	0.03	0.00	0.27	30	15	8	6	1
angela	0.03	0.01	-0.44	439	4	9	411	15
cuisine	0.03	0.01	0.65	30	24	4	2	0
engagement	0.03	0.00	-0.51	22	0	1	21	0
signé	0.03	0.00	-0.11	27	5	0	19	3
petit	0.03	0.01	0.19	70	24	14	23	9
été	0.03	0.03	0.13	241	85	45	93	18
n'a	0.03	0.02	0.10	156	49	37	54	16
communication	0.03	0.00	0.14	22	5	2	10	5
avons	0.03	0.00	-0.26	33	1	8	20	4
font	0.03	0.01	0.26	88	36	26	18	8
excellent	0.03	0.00	-0.34	28	2	4	21	1
réseau	0.03	0.00	0.12	21	10	5	6	0
porte	0.03	0.01	0.10	68	20	20	20	8
catherine	0.03	0.01	-0.22	303	33	42	206	22
coeur	0.03	0.00	0.01	28	7	5	13	3
propose	0.03	0.00	-0.22	33	6	7	19	1
sandra	0.03	0.00	-0.45	109	1	0	106	2
regard	0.03	0.00	0.35	22	7	1	9	5
tué	0.03	0.00	0.02	20	4	9	4	3
découvrez	0.03	0.00	-0.45	23	0	3	19	1
sera	0.03	0.01	-0.12	92	16	14	53	9
a	0.03	0.15	0.02	1698	453	350	761	134
article	0.03	0.00	-0.17	67	10	11	41	5
ligne	0.03	0.00	-0.06	32	7	6	17	2
plaintes	0.03	0.00	-0.15	23	3	5	12	3
darmanin	0.03	0.01	0.13	146	51	35	51	9
aider	0.03	0.00	-0.09	20	4	4	11	1
quelques	0.03	0.00	-0.06	53	11	7	30	5
leurs	0.03	0.01	0.06	99	29	28	34	8
forte	0.03	0.00	-0.06	20	3	2	12	3
respect	0.03	0.01	0.26	53	20	13	12	8
gars	0.03	0.01	0.47	45	27	13	3	2
vraie	0.03	0.00	-0.06	27	6	13	6	2
ferme	0.03	0.00	0.33	20	10	2	6	2
famille	0.03	0.01	0.30	38	18	12	5	3
dénoncé	0.03	0.00	-0.05	27	3	5	14	5
voix	0.03	0.00	-0.16	28	3	7	15	3
prix	0.03	0.00	-0.02	35	6	5	19	5
montre	0.03	0.00	0.31	23	11	1	10	1
parfois	0.03	0.00	-0.03	25	2	8	10	5
appel	0.03	0.00	-0.18	20	2	4	10	4
affiche	0.03	0.00	0.42	25	11	6	4	4
médias	0.03	0.00	-0.25	134	9	15	102	8
jdq	0.03	0.00	-0.26	20	2	5	12	1
chose	0.03	0.01	0.37	73	40	16	15	2
n	0.03	0.00	-0.06	44	10	10	20	4
déclaration	0.03	0.00	-0.39	55	3	2	49	1
compte	0.03	0.01	0.15	49	16	14	14	5
doivent	0.03	0.00	0.08	40	11	6	19	4
,...	0.03	0.00	-0.31	20	1	1	16	2
politique	0.03	0.01	-0.18	217	27	45	129	16
visite	0.03	0.00	-0.46	37	1	2	34	0
ici	0.03	0.01	-0.18	87	11	9	59	8
nous	0.03	0.04	-0.07	536	110	97	283	46
4	0.02	0.00	-0.10	25	3	6	13	3
attaque	0.02	0.00	-0.11	21	5	4	12	0
!!	0.02	0.01	-0.05	141	36	32	66	7
afrique	0.02	0.00	-0.08	20	3	3	12	2
montréal	0.02	0.00	-0.23	37	6	4	25	2
salut	0.02	0.00	0.05	30	6	0	21	3
fillon	0.02	0.00	-0.30	47	5	10	31	1
ta	0.02	0.02	0.28	148	67	36	35	10
position	0.02	0.00	-0.07	27	1	2	18	6
notamment	0.02	0.00	-0.15	25	4	7	12	2
:	0.02	0.16	-0.17	3141	451	381	2071	238
questions	0.02	0.00	-0.19	30	3	8	16	3
rapport	0.02	0.00	0.04	49	14	8	22	5
doute	0.02	0.00	0.11	22	7	7	6	2
père	0.02	0.01	0.50	48	28	7	9	4
3	0.02	0.00	-0.25	48	6	7	34	1
bonne	0.02	0.02	0.19	119	46	25	38	10
hé	0.02	0.01	0.82	25	20	3	0	2
grâce	0.02	0.00	0.09	24	5	3	11	5
parce	0.02	0.03	0.29	173	79	46	38	10
suite	0.02	0.01	-0.06	73	11	17	34	11
accuse	0.02	0.00	0.04	45	10	13	16	6
allemagne	0.02	0.00	-0.44	57	1	1	54	1
sauf	0.02	0.01	0.37	28	13	6	5	4
phrase	0.02	0.00	0.44	21	13	5	2	1
que	0.02	0.24	0.19	2098	769	563	575	191
france	0.02	0.02	-0.16	385	55	49	253	28
continue	0.02	0.01	0.16	39	15	8	13	3
souvent	0.02	0.01	0.48	36	19	3	9	5
service	0.02	0.00	0.04	44	11	5	23	5
défense	0.02	0.00	-0.16	83	10	10	56	7
sociaux	0.02	0.00	-0.12	54	10	12	28	4
d'autres	0.02	0.01	0.14	50	14	4	24	8
suivre	0.02	0.00	-0.32	33	2	2	27	2
regarder	0.02	0.00	0.22	33	14	4	13	2
financer	0.02	0.00	-0.32	30	1	0	26	3
con	0.02	0.00	0.09	28	8	8	10	2
choses	0.02	0.00	0.05	45	12	11	17	5
1ère	0.02	0.00	-0.13	33	8	2	23	0
may	0.02	0.00	-0.46	297	2	3	285	7
paye	0.02	0.00	-0.13	39	7	11	19	2
groupe	0.02	0.00	-0.29	29	1	11	14	3
soir	0.02	0.01	-0.16	122	24	17	77	4
commun	0.02	0.00	-0.28	31	2	4	22	3
personnes	0.02	0.01	-0.07	74	16	22	31	5
lieu	0.02	0.01	0.22	72	28	8	29	7
d'accord	0.02	0.00	0.16	38	15	8	12	3
cherche	0.02	0.00	0.21	29	11	7	10	1
club	0.02	0.00	-0.23	35	4	11	17	3
journal	0.02	0.00	-0.12	56	9	3	39	5
selon	0.02	0.01	-0.04	90	16	16	47	11
e	0.02	0.01	-0.10	75	14	14	42	5
premier	0.02	0.00	-0.19	83	11	10	57	5
ci	0.02	0.00	0.27	27	9	8	5	5
shnek	0.02	0.00	-0.20	33	4	10	15	4
aussi	0.02	0.05	0.24	355	146	77	102	30
un	0.02	0.26	0.15	2389	858	526	822	183
qui	0.02	0.20	0.13	1900	688	427	647	138
l'équipe	0.02	0.00	-0.41	34	2	5	27	0
liberté	0.02	0.01	0.04	101	25	23	41	12
code	0.02	0.00	-0.19	22	2	5	13	2
se	0.02	0.10	0.17	826	297	170	291	68
nom	0.02	0.01	0.21	55	22	9	19	5
entre	0.02	0.01	-0.06	175	43	38	83	11
of	0.02	0.00	-0.41	28	0	4	22	2
fonds	0.02	0.00	-0.41	40	0	3	34	3
d'avoir	0.02	0.01	-0.01	53	12	13	23	5
ailleurs	0.02	0.00	0.06	23	7	4	11	1
avez	0.02	0.01	0.10	55	15	15	18	7
beau	0.02	0.01	-0.06	66	19	11	35	1
elles	0.02	0.02	0.21	125	48	31	34	12
l'on	0.02	0.01	0.22	40	17	8	12	3
gauche	0.02	0.00	-0.10	44	9	7	26	2
quand	0.02	0.07	0.22	526	207	114	160	45
chef	0.02	0.00	0.10	30	10	7	11	2
centaine	0.02	0.00	-0.05	21	2	0	15	4
l'islam	0.02	0.00	-0.19	21	3	4	13	1
inclusive	0.02	0.00	-0.01	22	5	6	9	2
brigitte	0.02	0.00	0.08	35	11	12	11	1
bad	0.02	0.00	-0.04	22	5	3	13	1
face	0.02	0.00	-0.23	105	14	18	70	3
mort	0.02	0.01	0.15	43	15	11	14	3
action	0.02	0.00	-0.31	66	3	4	55	4
mr	0.02	0.00	0.17	22	8	8	5	1
parle	0.02	0.02	0.13	152	49	31	60	12
ministre	0.02	0.01	-0.22	157	20	14	114	9
condamné	0.02	0.00	0.01	30	9	4	16	1
mère	0.02	0.01	0.29	70	30	13	20	7
associations	0.02	0.00	-0.45	26	0	0	25	1
moment	0.02	0.01	0.21	68	28	15	20	5
moral	0.02	0.00	0.17	21	6	5	6	4
saint	0.02	0.00	0.12	40	11	10	14	5
and	0.02	0.00	-0.24	24	2	2	18	2
pense	0.02	0.01	0.32	67	32	15	14	6
chimiques	0.02	0.00	-0.51	23	0	0	23	0
discours	0.02	0.00	-0.17	71	9	7	48	7
m	0.02	0.00	-0.06	52	10	5	33	4
facebook	0.02	0.00	-0.22	102	11	9	74	8
très	0.02	0.02	-0.03	226	53	45	106	22
pied	0.02	0.00	0.15	25	10	6	8	1
plusieurs	0.02	0.00	-0.02	41	12	6	21	2
trump	0.02	0.00	-0.27	101	8	10	78	5
dans	0.02	0.15	0.05	1530	421	300	677	132
tribune	0.02	0.00	-0.26	87	7	14	60	6
réseaux	0.02	0.00	-0.12	51	9	8	30	4
qu'on	0.02	0.03	0.29	187	83	53	38	13
écrit	0.02	0.00	0.18	24	10	3	10	1
vraiment	0.02	0.02	0.13	129	49	28	46	6
via	0.02	0.02	-0.28	438	34	45	325	34
muller	0.02	0.00	-0.45	104	1	1	100	2
député	0.02	0.00	0.27	33	14	10	6	3
by	0.02	0.00	-0.23	32	5	4	22	1
révèle	0.02	0.00	0.20	22	10	5	6	1
lci	0.02	0.00	0.29	25	9	4	7	5
j'ai	0.02	0.04	0.16	303	101	73	98	31
rappelle	0.02	0.00	0.01	25	6	5	12	2
affaires	0.02	0.00	-0.10	26	4	6	14	2
plaisir	0.02	0.00	-0.01	25	5	7	10	3
super	0.02	0.00	0.10	39	12	9	14	4
d'agression	0.02	0.00	0.24	24	8	5	7	4
n'était	0.02	0.00	0.33	25	10	4	7	4
droite	0.02	0.00	-0.16	41	6	14	19	2
par	0.02	0.08	-0.04	938	211	151	500	76
poste	0.02	0.00	-0.05	35	7	4	20	4
façon	0.02	0.01	0.27	35	18	8	9	0
grosse	0.02	0.01	0.31	51	26	12	10	3
d'emmanuel	0.02	0.00	-0.51	27	0	2	25	0
justice	0.02	0.01	-0.01	116	23	24	53	16
mari	0.02	0.01	0.22	43	17	8	16	2
pierre	0.02	0.00	-0.11	40	5	2	30	3
"<	0.02	0.01	0.06	67	21	9	35	2
faudrait	0.02	0.00	0.33	27	12	6	6	3
serait	0.02	0.02	0.30	99	34	24	24	17
....	0.02	0.01	0.06	124	35	31	46	12
joignez	0.02	0.00	-0.45	25	0	1	23	1
",	0.02	0.02	-0.10	239	54	37	139	9
nouvelles	0.02	0.00	-0.21	25	1	5	16	3
gueule	0.02	0.01	0.12	57	20	8	26	3
valeurs	0.02	0.00	-0.08	53	13	7	31	2
video	0.02	0.00	-0.33	53	0	9	38	6
mode	0.02	0.01	0.39	31	16	7	6	2
majorité	0.02	0.00	-0.35	30	3	9	18	0
ceux	0.02	0.01	-0.04	101	24	34	36	7
l'homme	0.02	0.01	0.34	64	32	14	16	2
c'était	0.02	0.01	0.21	70	26	18	18	8
faisait	0.02	0.00	0.04	22	6	8	6	2
j	0.02	0.00	-0.15	42	8	7	25	2
parole	0.02	0.01	-0.17	224	30	36	142	16
encore	0.02	0.04	0.20	273	94	66	78	35
abusé	0.02	0.00	-0.25	23	3	12	8	0
type	0.02	0.01	0.65	35	25	6	2	2
personnalités	0.02	0.00	-0.34	28	1	2	23	2
sport	0.02	0.01	-0.01	90	20	12	52	6
hier	0.02	0.01	0.02	51	16	12	21	2
jusqu'au	0.02	0.00	-0.27	24	2	0	21	1
toucher	0.02	0.00	0.43	25	15	4	5	1
unis	0.02	0.00	-0.11	33	5	8	17	3
d'une	0.02	0.04	0.20	267	104	43	101	19
londres	0.02	0.00	-0.35	24	1	2	19	2
youtube	0.02	0.01	-0.19	179	18	24	116	21
magazine	0.02	0.00	-0.36	43	2	4	35	2
soutenir	0.02	0.00	-0.25	23	4	4	15	0
mediapart	0.02	0.00	-0.32	44	4	5	33	2
cet	0.02	0.01	0.01	67	17	16	28	6
ouverte	0.02	0.00	-0.17	23	3	4	13	3
québec	0.02	0.00	-0.27	67	3	6	51	7
hollande	0.02	0.00	-0.31	24	1	1	20	2
non	0.02	0.05	0.22	340	133	89	86	32
cc	0.02	0.01	0.05	56	13	11	24	8
parlent	0.02	0.00	0.08	23	6	4	12	1
britannique	0.02	0.00	-0.46	30	0	0	29	1
qu'à	0.02	0.00	0.45	22	8	5	3	6
morano	0.02	0.00	-0.12	30	3	6	18	3
qu'ils	0.02	0.01	0.09	47	15	16	13	3
d'hommes	0.02	0.00	0.36	20	7	2	7	4
interview	0.02	0.00	-0.46	30	0	4	25	1
s'engagent	0.02	0.00	-0.37	30	1	1	26	2
vers	0.02	0.01	0.28	44	21	5	16	2
autre	0.02	0.01	0.20	68	27	14	21	6
qu'elle	0.02	0.03	0.23	186	77	36	59	14
ah	0.02	0.01	0.13	66	21	24	14	7
y	0.02	0.04	0.10	346	108	71	135	32
time	0.02	0.00	-0.48	63	0	1	61	1
qu'elles	0.02	0.01	0.45	39	19	10	5	5
agressions	0.02	0.01	0.04	78	18	14	38	8
sujet	0.02	0.01	-0.12	78	16	15	43	4
crises	0.02	0.00	-0.01	21	4	2	12	3
l'ex	0.02	0.00	-0.16	22	3	3	15	1
n'ont	0.02	0.01	0.26	47	16	10	13	8
vrai	0.02	0.02	0.35	105	46	23	23	13
l'histoire	0.02	0.00	0.06	38	11	7	16	4
l'europe	0.02	0.00	-0.51	34	0	1	33	0
actualités	0.02	0.00	-0.22	24	4	0	18	2
rendre	0.02	0.00	-0.06	27	2	6	13	6
surtout	0.02	0.01	0.02	87	21	25	31	10
".	0.02	0.03	0.26	211	88	25	78	20
attention	0.02	0.00	0.06	47	12	14	16	5
d'un	0.02	0.03	0.19	242	86	47	83	26
part	0.02	0.01	0.30	56	25	12	14	5
l'affaire	0.02	0.01	0.06	75	16	12	35	12
devrait	0.02	0.01	0.32	54	22	9	15	8
qu'est	0.02	0.01	0.15	41	14	10	14	3
eh	0.02	0.01	0.51	32	20	5	5	2
rappeler	0.02	0.00	0.36	21	9	6	4	2
accusé	0.02	0.01	0.15	98	31	24	34	9
l'air	0.02	0.00	0.17	29	11	8	8	2
conseil	0.02	0.00	-0.21	28	6	5	17	0
t'es	0.02	0.02	0.54	83	55	13	11	4
à	0.02	0.28	-0.00	3567	907	637	1752	271
tiendra	0.02	0.00	-0.44	31	0	0	30	1
message	0.02	0.00	0.05	27	10	4	13	0
"...	0.02	0.00	-0.03	31	9	6	15	1
viols	0.02	0.00	0.17	23	6	9	4	4
au	0.02	0.10	-0.04	1234	277	189	667	101
reste	0.02	0.01	0.12	70	22	13	28	7
grande	0.01	0.01	-0.07	72	14	11	41	6
l'occasion	0.01	0.00	-0.45	23	1	3	19	0
lol	0.01	0.00	0.64	24	11	4	3	6
ma	0.01	0.04	0.29	281	119	66	70	26
autant	0.01	0.00	0.07	39	13	14	10	2
drôle	0.01	0.00	0.12	24	8	6	8	2
toujours	0.01	0.02	0.13	168	49	29	66	24
l'image	0.01	0.00	0.20	20	8	7	4	1
des	0.01	0.23	0.04	2709	715	477	1306	211
sarkozy	0.01	0.00	-0.29	22	2	0	19	1
d'angela	0.01	0.00	-0.46	62	0	1	59	2
j'étais	0.01	0.00	0.19	29	9	8	8	4
polémique	0.01	0.00	0.02	42	9	7	22	4
scène	0.01	0.00	0.24	25	10	5	8	2
magnifique	0.01	0.00	-0.01	21	5	5	9	2
du	0.01	0.15	-0.06	2091	442	366	1117	166
tenue	0.01	0.01	0.82	44	37	5	1	1
jdm	0.01	0.00	-0.36	42	0	2	37	3
d'importuner	0.01	0.00	0.02	53	9	12	25	7
défend	0.01	0.00	0.05	51	13	3	31	4
entreprise	0.01	0.00	-0.13	23	2	2	15	4
gouvernement	0.01	0.01	-0.09	71	12	7	45	7
président	0.01	0.01	-0.10	79	12	12	46	9
<number>	0.01	0.11	-0.04	1702	352	234	978	138
allemande	0.01	0.00	-0.47	40	0	0	39	1
d'être	0.01	0.02	0.17	126	46	28	44	8
ca	0.01	0.02	0.13	164	46	23	82	13
près	0.01	0.01	0.41	42	19	8	9	6
minutes	0.01	0.00	-0.27	26	2	2	20	2
cause	0.01	0.01	0.01	91	24	17	42	8
avait	0.01	0.01	0.07	111	36	16	53	6
caroline	0.01	0.00	0.12	29	8	5	14	2
blanche	0.01	0.00	0.24	20	7	3	7	3
aux	0.01	0.05	0.02	525	127	99	250	49
qu'en	0.01	0.01	0.20	38	11	12	8	7
critique	0.01	0.00	-0.25	60	6	4	47	3
l'égalité	0.01	0.02	0.39	138	64	18	39	17
mois	0.01	0.01	-0.06	93	17	13	53	10
vieux	0.01	0.00	0.24	24	8	10	2	4
vue	0.01	0.00	-0.05	56	13	8	33	2
voilà	0.01	0.01	0.29	50	23	8	16	3
christiane	0.01	0.00	-0.40	253	3	15	221	14
centre	0.01	0.00	0.17	25	10	3	11	1
qd	0.01	0.01	0.31	36	18	8	9	1
leur	0.01	0.03	0.13	294	91	46	136	21
blague	0.01	0.01	0.33	36	14	7	10	5
ont	0.01	0.03	-0.03	376	87	89	169	31
l'année	0.01	0.00	-0.45	111	4	12	93	2
quelque	0.01	0.00	0.11	29	11	8	9	1
mis	0.01	0.01	0.08	48	14	12	18	4
<hashtag>	0.01	0.78	0.05	19467	5253	3622	8654	1938
écouter	0.01	0.00	0.14	23	6	3	10	4
exemple	0.01	0.00	0.08	37	6	7	16	8
comme	0.01	0.08	0.20	602	232	157	175	38
qu'un	0.01	0.02	0.53	108	64	24	12	8
mais	0.01	0.11	0.18	806	306	204	235	61
pour	0.01	0.21	-0.02	2543	621	452	1269	201
acte	0.01	0.00	0.32	20	9	2	7	2
qu'une	0.01	0.02	0.43	84	43	13	20	8
actuelles	0.01	0.00	-0.30	57	4	2	48	3
cœur	0.01	0.00	-0.12	33	6	5	20	2
l'enceinte	0.01	0.00	-0.51	32	0	4	28	0
êtes	0.01	0.01	0.30	56	26	18	9	3
jamais	0.01	0.02	0.16	143	51	40	42	10
années	0.01	0.01	0.18	47	16	9	16	6
européens	0.01	0.00	-0.42	23	1	1	21	0
culture	0.01	0.02	0.34	126	70	10	39	7
mouvements	0.01	0.00	-0.10	26	4	6	14	2
bientôt	0.01	0.00	0.09	43	15	8	18	2
poursuivie	0.01	0.00	-0.47	116	0	1	112	3
car	0.01	0.01	0.27	94	39	24	22	9
nouveau	0.01	0.01	-0.12	89	19	10	56	4
monier	0.01	0.00	0.03	22	5	5	10	2
tech	0.01	0.00	-0.01	24	11	4	9	0
dit	0.01	0.04	0.23	271	113	60	77	21
faute	0.01	0.00	0.44	21	12	4	4	1
raconte	0.01	0.00	-0.27	21	1	7	10	3
as	0.01	0.01	0.22	36	14	10	9	3
rencontre	0.01	0.00	-0.37	43	2	4	35	2
pauvre	0.01	0.00	0.30	29	12	8	5	4
l'avenir	0.01	0.00	-0.45	61	3	3	55	0
attaquée	0.01	0.00	-0.51	35	0	0	35	0
conférence	0.01	0.00	-0.34	30	1	2	25	2
couple	0.01	0.00	0.24	24	8	3	10	3
l'initiative	0.01	0.00	-0.45	23	1	3	19	0
n'importe	0.01	0.00	0.13	26	10	10	5	1
elle	0.01	0.07	0.10	687	221	145	259	62
peu	0.01	0.02	0.18	140	50	36	42	12
georges	0.01	0.00	0.31	31	9	5	10	7
autres	0.01	0.01	0.05	104	24	31	37	12
<FILLER>	0.01	0.99	-0.00	303114	74284	52825	151981	24024
trois	0.01	0.00	0.01	36	9	7	17	3
devoir	0.01	0.00	-0.22	112	9	17	75	11
."	0.01	0.03	0.17	239	80	51	88	20
dire	0.01	0.03	0.27	224	88	61	46	29
pire	0.01	0.01	0.05	54	17	11	25	1
personne	0.01	0.02	0.28	113	43	26	27	17
levée	0.01	0.00	-0.38	29	0	0	26	3
5	0.01	0.00	-0.22	24	3	1	19	1
met	0.01	0.01	-0.03	56	15	5	33	3
pas	0.01	0.25	0.20	2120	841	517	590	172
classe	0.01	0.00	0.20	34	12	7	12	3
site	0.01	0.00	-0.03	27	8	6	12	1
envers	0.01	0.01	0.12	47	18	18	8	3
devant	0.01	0.01	0.16	91	31	17	34	9
j'en	0.01	0.01	0.19	48	15	12	15	6
l'allemagne	0.01	0.00	-0.45	30	0	1	27	2
paris	0.01	0.01	0.00	89	25	17	43	4
l'adresse	0.01	0.00	-0.51	29	0	2	27	0
clip	0.01	0.00	0.17	28	12	9	5	2
toutes	0.01	0.02	0.23	135	58	27	42	8
loi	0.01	0.00	-0.14	65	11	6	43	5
mdr	0.01	0.01	0.15	57	19	23	10	5
photos	0.01	0.00	-0.01	33	6	9	15	3
anmelden	0.01	0.00	-0.12	51	7	4	34	6
travail	0.01	0.02	-0.25	331	30	37	238	26
soleil	0.01	0.00	0.04	20	6	3	9	2
google	0.01	0.00	-0.33	28	2	3	21	2
bonjour	0.01	0.00	0.11	35	9	5	15	6
deux	0.01	0.01	-0.06	128	30	29	59	10
hey	0.01	0.01	0.67	28	16	3	7	2
info	0.01	0.00	-0.13	23	3	4	14	2
samedi	0.01	0.00	-0.47	35	1	1	33	0
cette	0.01	0.05	0.01	504	140	108	220	36
balancetonporc	0.01	0.00	0.10	36	9	1	23	3
d'	0.01	0.01	0.02	92	26	13	45	8
manière	0.01	0.00	0.31	23	9	4	7	3
in	0.01	0.00	-0.39	31	2	2	27	0
fr	0.01	0.00	-0.10	95	17	12	59	7
réformes	0.01	0.00	-0.43	20	0	0	19	1
entendu	0.01	0.00	0.28	23	12	4	7	0
mandat	0.01	0.00	-0.37	26	1	0	24	1
couverture	0.01	0.00	0.02	21	4	1	13	3
disait	0.01	0.00	-0.01	21	6	6	8	1
radio	0.01	0.01	-0.14	92	13	13	57	9
seulement	0.01	0.00	0.11	35	10	4	17	4
celles	0.01	0.01	-0.05	71	15	17	32	7
combat	0.01	0.01	0.08	56	12	13	23	8
transports	0.01	0.00	-0.19	50	3	7	34	6
point	0.01	0.01	0.07	83	26	18	31	8
t	0.01	0.01	-0.07	105	19	24	52	10
arditi	0.01	0.00	-0.35	27	0	0	25	2
s'insurgent	0.01	0.00	-0.24	20	1	2	15	2
donne	0.01	0.01	0.06	62	16	9	30	7
the	0.01	0.00	-0.39	112	2	8	98	4
18h00	0.01	0.00	-0.51	23	0	0	23	0
certaines	0.01	0.01	0.24	38	18	8	10	2
inrocks	0.01	0.00	-0.05	44	8	5	26	5
maison	0.01	0.00	0.08	24	8	1	14	1
domicile	0.01	0.00	-0.47	70	1	1	67	1
n'en	0.01	0.00	0.05	27	8	6	11	2
marseille	0.01	0.00	0.12	20	7	1	11	1
demande	0.01	0.01	0.14	84	28	18	29	9
forme	0.01	0.00	-0.11	29	3	5	17	4
collègue	0.01	0.00	0.38	28	16	9	3	0
blanc	0.01	0.00	0.07	33	11	6	14	2
oui	0.01	0.02	0.17	163	63	46	44	10
2	0.01	0.01	-0.11	101	20	25	49	7
partir	0.01	0.00	-0.10	22	6	2	14	0
témoignage	0.01	0.00	-0.20	24	4	4	15	1
contre	0.01	0.04	-0.12	713	110	95	454	54
vidéo	0.01	0.00	-0.29	106	9	6	85	6
!"	0.01	0.02	0.40	108	53	13	36	6
sans	0.01	0.03	0.21	261	95	60	81	25
notre	0.01	0.01	-0.23	187	24	35	116	12
confiance	0.01	0.00	-0.16	33	6	4	22	1
nos	0.01	0.01	-0.10	122	28	21	69	4
qu'il	0.01	0.03	0.17	234	81	74	57	22
j'aime	0.01	0.01	0.05	52	15	10	22	5
l'heure	0.01	0.00	0.33	27	11	4	9	3
manque	0.01	0.00	0.01	30	7	9	11	3
propre	0.01	0.00	0.15	29	9	5	13	2
trop	0.01	0.02	0.18	164	67	41	46	10
l'autre	0.01	0.01	0.32	33	15	6	8	4
avis	0.01	0.00	0.02	36	12	9	14	1
libre	0.01	0.01	0.03	57	17	5	33	2
livre	0.01	0.00	-0.07	36	7	3	22	4
ai	0.01	0.00	0.08	36	11	10	13	2
voit	0.01	0.01	0.14	56	20	15	18	3
lit	0.01	0.00	0.09	20	6	10	2	2
passe	0.01	0.01	0.32	79	34	20	17	8
derrière	0.01	0.00	-0.18	42	8	4	29	1
tes	0.01	0.01	0.47	52	30	12	6	4
mariage	0.01	0.00	-0.11	36	3	10	18	5
afin	0.01	0.00	-0.05	23	4	3	13	3
0	0.01	0.00	-0.08	24	4	3	15	2
projet	0.01	0.00	-0.47	38	1	6	31	0
dessus	0.01	0.00	0.24	25	9	5	7	4
dès	0.01	0.00	-0.08	40	9	5	24	2
username	0.01	0.01	0.03	87	27	13	42	5
dimanche	0.01	0.00	-0.32	25	3	1	21	0
lrem	0.01	0.00	-0.10	25	8	3	13	1
royal	0.01	0.00	-0.43	229	4	7	210	8
série	0.01	0.00	-0.32	28	1	7	18	2
évidemment	0.01	0.00	0.02	21	6	5	9	1
tt	0.01	0.00	-0.04	20	5	6	8	1
weinstein	0.01	0.00	-0.17	70	7	13	43	7
putain	0.01	0.01	0.63	35	21	7	2	5
soutient	0.01	0.00	-0.16	20	4	3	13	0
après	0.01	0.03	-0.11	407	74	60	247	26
titre	0.01	0.00	0.16	27	6	2	13	6
clichés	0.01	0.00	0.27	34	9	5	13	7
fin	0.01	0.00	-0.22	85	7	8	62	8
hein	0.01	0.01	0.50	49	27	11	6	5
loin	0.01	0.00	-0.05	59	15	16	25	3
silence	0.01	0.00	-0.31	102	7	12	79	4
photo	0.01	0.00	-0.03	53	10	7	31	5
tous	0.01	0.03	0.06	261	70	55	105	31
garde	0.01	0.00	-0.21	42	6	2	33	1
libération	0.01	0.00	-0.29	152	11	15	116	10
pensée	0.01	0.00	0.17	20	4	8	3	5
l'	0.01	0.01	-0.10	158	32	28	84	14
milieu	0.01	0.00	-0.12	36	4	10	17	5
jeune	0.01	0.01	0.14	76	24	22	21	9
organisations	0.01	0.00	-0.51	27	0	0	27	0
lois	0.01	0.00	-0.23	20	1	5	11	3
pro	0.01	0.00	-0.08	22	4	5	11	2
de	0.01	0.57	0.01	9415	2533	1737	4412	733
durant	0.01	0.00	-0.34	35	2	3	28	2
n'est	0.01	0.04	0.14	292	102	63	108	19
news	0.01	0.00	-0.41	59	0	2	54	3
dont	0.01	0.01	-0.08	99	20	18	53	8
sein	0.01	0.00	-0.17	26	2	9	12	3
.	0.01	0.40	0.05	6350	1830	1236	2750	534
demain	0.01	0.01	-0.12	72	15	3	50	4
alors	0.01	0.03	0.27	192	80	46	48	18
réunion	0.01	0.00	-0.15	24	3	2	16	3
crois	0.01	0.00	-0.06	41	10	15	14	2
matin	0.01	0.00	-0.09	47	8	5	28	6
le	0.01	0.37	-0.02	5416	1238	908	2817	453
prochain	0.01	0.00	-0.18	26	3	3	18	2
sais	0.01	0.01	0.48	50	26	7	11	6
peur	0.01	0.01	0.08	80	23	30	19	8
déjà	0.01	0.02	0.30	109	47	21	32	9
parti	0.01	0.00	-0.09	61	16	9	34	2
rappel	0.01	0.00	-0.13	26	5	10	10	1
musiciennes	0.01	0.00	-0.36	20	0	2	15	3
es	0.01	0.01	0.38	47	25	11	9	2
nationale	0.01	0.00	-0.39	114	1	7	97	9
son	0.01	0.06	0.05	623	172	128	276	47
l'état	0.01	0.00	-0.26	26	3	9	13	1
d	0.01	0.01	0.18	84	29	26	21	8
pareil	0.01	0.00	0.11	20	5	5	7	3
normal	0.01	0.01	0.37	31	16	9	4	2
janvier	0.01	0.00	-0.50	125	0	2	122	1
buzz	0.01	0.00	0.10	30	10	7	11	2
cela	0.01	0.01	0.17	92	29	29	22	12
trouver	0.01	0.00	0.24	28	11	7	7	3
simple	0.01	0.00	0.33	29	15	8	4	2
était	0.01	0.02	0.02	161	41	42	63	15
seul	0.01	0.01	0.36	43	18	7	13	5
lancé	0.01	0.00	-0.33	35	0	1	30	4
visé	0.01	0.00	-0.13	26	5	6	14	1
penser	0.01	0.00	0.16	27	9	7	8	3
n'ai	0.01	0.00	0.20	36	16	10	9	1
donc	0.01	0.02	0.20	167	67	41	46	13
bout	0.01	0.00	0.04	37	7	2	24	4
comportements	0.01	0.00	0.24	22	9	10	1	2
bah	0.01	0.00	0.34	25	14	5	5	1
ans	0.01	0.03	0.17	272	96	61	96	19
les	0.01	0.32	0.04	4194	1157	805	1883	349
>	0.01	0.02	-0.02	229	67	35	116	11
vu	0.01	0.01	0.09	99	29	23	38	9
chaque	0.01	0.01	0.30	61	25	11	20	5
ça	0.01	0.10	0.29	742	349	199	146	48
croire	0.01	0.01	0.39	36	20	6	8	2
limite	0.01	0.00	0.50	21	13	6	1	1
ils	0.01	0.02	0.20	171	58	52	40	21
pouvoir	0.01	0.01	0.26	82	28	20	23	11
&	0.01	0.01	0.11	141	46	26	55	14
rester	0.01	0.00	0.09	21	7	8	4	2
tel	0.01	0.00	0.24	21	10	3	7	1
corps	0.01	0.01	0.29	56	24	19	9	4
puissante	0.01	0.00	-0.47	37	1	0	36	0
ne	0.01	0.12	0.14	1051	385	272	316	78
pendant	0.01	0.01	0.13	84	31	20	28	5
texte	0.01	0.00	-0.23	43	6	9	24	4
télé	0.01	0.00	0.10	36	11	3	20	2
x	0.01	0.00	-0.07	23	5	7	9	2
go	0.01	0.00	0.03	20	5	4	11	0
place	0.01	0.01	0.18	103	39	20	35	9
journée	0.01	0.01	-0.30	223	18	13	183	9
comprendre	0.01	0.00	0.29	31	13	8	6	4
lance	0.01	0.00	-0.15	57	4	4	41	8
campagne	0.01	0.00	-0.19	89	8	23	49	9
mise	0.01	0.00	-0.06	30	6	6	15	3
émission	0.01	0.00	0.24	20	6	7	4	3
haut	0.01	0.00	0.22	28	12	4	10	2
dérange	0.01	0.00	0.17	27	9	7	9	2
tout	0.01	0.05	0.07	458	138	112	168	40
lors	0.01	0.00	-0.19	54	8	8	34	4
avoir	0.01	0.03	0.20	189	77	39	58	15
,	0.01	0.47	0.03	7783	2125	1452	3583	623
laisse	0.01	0.00	0.33	26	15	5	6	0
pourquoi	0.01	0.03	0.13	209	65	41	82	21
même	0.01	0.05	0.22	368	141	92	97	38
bref	0.01	0.00	-0.01	22	7	7	7	1
jean	0.01	0.01	0.01	58	13	9	30	6
changement	0.01	0.00	-0.09	21	4	1	15	1
viens	0.01	0.01	0.17	42	17	12	11	2
date	0.01	0.00	-0.13	21	3	3	13	2
traitement	0.01	0.00	0.01	36	9	5	19	3
plutôt	0.01	0.01	0.36	76	29	20	12	15
tron	0.01	0.01	-0.10	107	12	4	82	9
2018	0.01	0.01	0.06	56	14	8	28	6
balance	0.01	0.01	0.11	111	37	28	41	5
idées	0.01	0.00	0.27	27	12	6	7	2
réitérer	0.01	0.00	-0.51	21	0	0	21	0
programme	0.01	0.00	-0.28	29	2	1	23	3
répond	0.01	0.00	-0.32	26	2	5	18	1
depuis	0.01	0.01	-0.02	145	36	33	63	13
en	0.01	0.22	0.00	2588	640	475	1265	208
plein	0.01	0.01	-0.05	57	12	13	26	6
ds	0.01	0.01	0.32	39	20	7	11	1
celui	0.01	0.01	0.15	71	27	16	27	1
l'amour	0.01	0.00	0.57	25	17	3	4	1
devient	0.01	0.00	-0.04	33	9	11	12	1
reçoit	0.01	0.00	-0.21	23	3	3	16	1
l'article	0.01	0.00	-0.27	23	1	6	14	2
fais	0.01	0.01	0.42	60	33	12	13	2
publics	0.01	0.00	-0.24	29	2	5	18	4
cap	0.01	0.00	-0.25	29	3	5	20	1
combattre	0.01	0.00	0.05	28	7	3	15	3
police	0.01	0.00	0.07	42	14	12	14	2
franchement	0.01	0.00	0.08	29	10	13	5	1
;	0.01	0.01	-0.08	97	22	27	46	2
amis	0.01	0.00	0.14	23	7	3	11	2
aucune	0.01	0.01	0.31	47	20	6	16	5
vive	0.01	0.00	0.24	27	8	13	3	3
1	0.01	0.01	-0.14	101	12	12	68	9
partie	0.01	0.01	0.09	50	15	8	24	3
fier	0.01	0.00	-0.24	23	3	3	16	1
marche	0.01	0.00	-0.22	73	8	14	47	4
mots	0.01	0.00	-0.03	50	12	2	33	3
cinq	0.01	0.00	-0.40	37	0	11	24	2
peuvent	0.01	0.00	0.01	30	7	12	8	3
ps	0.01	0.00	0.34	28	14	1	10	3
continuer	0.01	0.00	0.02	36	4	8	15	9
"?	0.01	0.00	-0.09	35	1	9	21	4
besoin	0.01	0.01	0.27	53	22	10	16	5
enfin	0.01	0.01	0.28	65	20	6	27	12
cours	0.01	0.01	0.35	39	16	5	12	6
??	0.01	0.01	0.52	33	20	7	5	1
tombe	0.01	0.00	0.28	21	10	3	7	1
faire	0.01	0.08	0.34	489	243	111	101	34
pris	0.01	0.01	0.05	46	15	9	20	2
réforme	0.01	0.00	-0.41	34	1	0	32	1
sens	0.01	0.01	0.09	44	16	13	14	1
bar	0.01	0.01	0.92	23	22	1	0	0
assez	0.01	0.00	0.03	41	8	7	17	9
noël	0.01	0.00	0.28	23	5	2	9	7
vivre	0.01	0.00	-0.16	26	4	8	12	2
responsable	0.01	0.00	-0.11	20	4	3	12	1
tour	0.01	0.00	-0.25	49	3	5	37	4
défendre	0.01	0.00	0.12	44	15	13	13	3
ok	0.01	0.01	0.34	31	13	8	5	5
second	0.01	0.00	0.09	20	4	6	6	4
côté	0.01	0.01	0.22	62	23	19	13	7
sous	0.01	0.01	0.02	143	37	17	83	6
brisé	0.01	0.00	-0.51	29	0	1	28	0
voir	0.01	0.02	0.17	141	50	37	40	14
c'est	0.01	0.18	0.23	1425	581	349	366	129
ordinaire	0.01	0.01	0.28	56	23	8	18	7
journaliste	0.01	0.01	-0.11	107	22	10	69	6
condition	0.01	0.00	0.04	22	8	5	9	0
laisser	0.01	0.00	0.37	25	13	8	3	1
sûr	0.01	0.01	0.30	41	21	10	8	2
histoire	0.01	0.00	0.02	34	11	6	15	2
comportement	0.01	0.01	0.44	39	20	7	9	3
/	0.01	0.04	0.12	369	111	65	163	30
vous	0.01	0.09	0.14	895	308	206	288	93
.<	0.01	0.01	-0.09	66	14	10	36	6
etc	0.01	0.01	0.10	77	25	21	26	5
ex	0.01	0.01	0.21	55	23	12	16	4
numéro	0.01	0.00	-0.16	23	5	6	10	2
une	0.01	0.26	0.12	2482	830	500	938	214
eux	0.01	0.00	0.20	33	12	10	7	4
comment	0.01	0.02	-0.01	222	47	37	118	20
mettre	0.01	0.01	0.07	104	31	23	43	7
jours	0.01	0.01	0.15	72	20	16	26	10
bien	0.01	0.06	0.24	438	175	97	121	45
moi	0.01	0.04	0.27	293	116	83	68	26
dites	0.01	0.01	0.61	27	18	5	2	2
soutien	0.01	0.01	-0.06	94	17	18	51	8
emmanuel	0.01	0.00	-0.47	99	0	2	95	2
juste	0.01	0.02	0.37	136	66	34	25	11
l'assemblée	0.01	0.00	0.11	20	3	4	7	6
donald	0.01	0.00	-0.29	53	4	3	44	2
lutte	0.01	0.00	-0.20	62	9	11	38	4
dernier	0.01	0.00	-0.27	45	4	11	27	3
sont	0.01	0.06	0.16	544	192	108	200	44
prof	0.01	0.00	0.28	24	12	3	8	1
donner	0.01	0.01	0.07	53	18	11	22	2
celle	0.01	0.01	0.15	56	20	15	17	4
présidente	0.01	0.00	-0.27	46	3	8	30	5
passage	0.01	0.00	0.24	27	13	1	12	1
première	0.01	0.00	-0.34	144	11	13	117	3
mars	0.01	0.00	-0.30	38	2	1	32	3
moyens	0.01	0.00	-0.22	21	2	5	12	2
enceinte	0.01	0.02	-0.09	306	66	50	174	16
prend	0.01	0.00	-0.13	46	7	7	29	3
?	0.01	0.17	0.17	1801	612	387	628	174
lutter	0.01	0.00	-0.26	81	5	10	58	8
là	0.01	0.03	0.17	193	64	54	51	24
compris	0.01	0.01	0.32	40	19	7	11	3
ras	0.01	0.00	-0.28	21	2	2	17	0
sinon	0.01	0.01	0.22	39	16	11	9	3
auprès	0.01	0.00	-0.25	20	2	1	16	1
veux	0.01	0.01	0.45	77	45	17	11	4
côtés	0.01	0.00	-0.29	23	2	1	19	1
m'a	0.01	0.01	0.31	73	32	12	22	7
ou	0.01	0.07	0.21	520	214	143	121	42
?"	0.01	0.01	0.15	93	35	17	38	3
finale	0.01	0.00	-0.39	25	1	2	21	1
preuve	0.01	0.01	0.33	38	12	8	8	10
soit	0.00	0.01	0.18	91	33	25	27	6
accusations	0.00	0.00	-0.09	37	7	9	18	3
y'a	0.00	0.01	0.34	47	22	15	5	5
n'y	0.00	0.01	0.11	98	33	28	30	7
différence	0.00	0.01	0.18	42	16	17	8	1
puis	0.00	0.01	0.24	58	24	8	23	3
février	0.00	0.00	-0.25	25	1	1	20	3
être	0.00	0.04	0.19	348	140	72	109	27
ramadan	0.00	0.00	-0.11	47	8	7	27	5
devenir	0.00	0.00	0.09	23	10	2	11	0
ses	0.00	0.03	0.10	293	91	56	118	28
prise	0.00	0.00	0.05	28	8	6	12	2
savoir	0.00	0.01	0.15	44	17	13	12	2
mon	0.00	0.04	0.16	324	117	80	99	28
simone	0.00	0.00	-0.08	24	4	4	13	3
tu	0.00	0.06	0.36	461	234	149	54	24
affaire	0.00	0.01	-0.06	63	14	10	35	4
twitter	0.00	0.01	0.15	69	16	13	26	14
avril	0.00	0.00	-0.44	26	1	1	24	0
perdu	0.00	0.00	0.14	21	6	6	6	3
fini	0.00	0.00	0.09	34	8	9	12	5
libéré	0.00	0.00	-0.45	25	1	1	23	0
vendredi	0.00	0.00	-0.45	27	1	0	26	0
ainsi	0.00	0.00	0.10	29	8	10	8	3
midi	0.00	0.00	-0.19	20	4	1	15	0
sort	0.00	0.00	0.24	28	12	5	10	1
retour	0.00	0.00	-0.16	57	11	9	35	2
passé	0.00	0.00	-0.08	29	7	13	8	1
seule	0.00	0.01	0.27	58	22	11	17	8
réagir	0.00	0.00	-0.27	20	3	3	14	0
enquête	0.00	0.00	-0.24	58	3	11	37	7
la	0.00	0.41	-0.01	6049	1449	1103	3013	484
h	0.00	0.00	-0.01	29	8	2	18	1
tant	0.00	0.01	0.28	68	30	15	16	7
michel	0.00	0.00	-0.30	24	2	2	19	1
s'est	0.00	0.01	-0.06	75	14	17	36	8
réalité	0.00	0.00	0.14	31	10	6	12	3
avec	0.00	0.08	-0.05	1014	222	176	537	79
pourtant	0.00	0.00	0.08	39	10	8	16	5
2017	0.00	0.00	-0.09	47	5	7	28	7
sert	0.00	0.00	0.04	20	6	8	5	1
année	0.00	0.00	-0.05	34	6	9	15	4
envie	0.00	0.01	0.47	36	19	6	7	4
'	0.00	0.00	0.42	24	14	4	4	2
rt	0.00	0.00	-0.17	65	6	6	42	11
quel	0.00	0.01	0.14	88	32	14	37	5
préfère	0.00	0.00	0.16	29	9	7	9	4
..	0.00	0.02	0.10	234	89	40	94	11
anti	0.00	0.01	-0.04	83	12	26	34	11
<username>	0.00	0.33	-0.05	7282	1478	1338	3894	572
demandé	0.00	0.00	0.11	23	8	6	8	1
surprise	0.00	0.00	0.06	23	10	4	9	0
autour	0.00	0.00	-0.11	43	6	7	23	7
main	0.00	0.01	0.55	50	26	7	11	6
parler	0.00	0.02	0.21	129	50	31	41	7
vois	0.00	0.01	0.15	41	13	14	10	4
nouvelle	0.00	0.01	-0.06	102	20	12	60	10
temps	0.00	0.02	-0.04	181	45	37	88	11
mieux	0.00	0.01	-0.07	99	21	23	47	8
possible	0.00	0.00	0.09	36	9	8	14	5
sur	0.00	0.14	-0.03	1683	375	279	884	145
nature	0.00	0.01	0.61	41	27	9	3	2
rdv	0.00	0.00	-0.23	32	5	0	26	1
force	0.00	0.00	-0.04	39	11	9	18	1
retrouver	0.00	0.00	0.08	23	8	4	10	1
et	0.00	0.34	0.01	4263	1078	821	2005	359
dernière	0.00	0.00	0.17	22	4	3	9	6
décidé	0.00	0.00	-0.04	20	5	5	9	1
???	0.00	0.01	0.13	52	19	18	12	3
quoi	0.00	0.03	0.32	166	77	43	33	13
st	0.00	0.00	-0.11	20	5	3	11	1
ton	0.00	0.03	0.28	206	89	45	60	12
fils	0.00	0.00	0.28	25	10	7	6	2
aller	0.00	0.00	-0.12	34	9	8	17	0
soirée	0.00	0.00	0.01	34	8	6	17	3
jour	0.00	0.01	0.03	107	23	21	50	13
jeremstar	0.00	0.00	0.70	21	16	2	2	1
etre	0.00	0.00	0.35	21	10	6	3	2
suis	0.00	0.04	0.12	329	115	89	98	27
sa	0.00	0.06	0.08	570	181	124	216	49
vais	0.00	0.01	0.11	56	17	15	18	6
ni	0.00	0.01	0.01	93	28	25	36	4
me	0.00	0.06	0.34	436	219	107	78	32
":	0.00	0.00	-0.15	44	9	8	26	1
absolument	0.00	0.00	0.34	23	11	4	6	2
directrice	0.00	0.00	-0.44	22	1	2	19	0
transformation	0.00	0.00	0.12	20	10	5	5	0
question	0.00	0.01	0.11	89	25	12	44	8
fois	0.00	0.02	0.13	149	51	30	60	8
disant	0.00	0.00	0.36	20	10	7	2	1
t'as	0.00	0.01	0.65	60	40	6	8	6
courage	0.00	0.00	-0.27	70	8	13	46	3
toute	0.00	0.01	0.11	120	33	22	50	15
rien	0.00	0.03	0.29	231	100	62	48	21
coup	0.00	0.01	-0.03	91	22	16	48	5
je	0.00	0.16	0.18	1531	578	389	446	118
faite	0.00	0.01	0.35	37	16	9	7	5
te	0.00	0.04	0.58	195	131	43	11	10
traiter	0.00	0.01	0.34	32	14	7	7	4
juridique	0.00	0.00	0.05	22	3	0	16	3
l'a	0.00	0.01	0.21	43	14	6	17	6
bas	0.00	0.00	0.08	23	7	4	10	2
nicolas	0.00	0.00	-0.19	21	1	0	17	3
conscience	0.00	0.00	0.38	22	9	5	4	4
jusqu'à	0.00	0.00	0.36	26	12	2	9	3
tiens	0.00	0.00	-0.05	28	6	11	7	4
bilan	0.00	0.00	-0.42	21	0	5	15	1
p	0.00	0.00	-0.01	24	3	6	11	4
balancer	0.00	0.00	0.24	35	12	10	11	2
>:	0.00	0.01	0.44	27	16	5	5	1
dur	0.00	0.00	0.04	22	6	5	10	1
table	0.00	0.00	-0.22	26	3	3	18	2
sortie	0.00	0.00	-0.05	33	10	2	21	0
pr	0.00	0.01	0.34	69	32	10	22	5
haas	0.00	0.00	-0.07	22	4	7	10	1
extraordinaire	0.00	0.00	-0.35	24	2	1	21	0
"	0.00	0.27	0.06	5254	1464	935	2472	383
venir	0.00	0.00	0.16	29	11	7	10	1
mal	0.00	0.01	0.19	104	36	31	27	10
nuit	0.00	0.01	0.17	42	15	4	19	4
l'origine	0.00	0.00	-0.35	54	1	2	48	3
championne	0.00	0.00	-0.41	20	1	2	17	0
jsuis	0.00	0.00	-0.18	23	2	6	12	3
tomber	0.00	0.00	0.09	25	7	8	7	3
rendez	0.00	0.00	-0.37	34	3	1	30	0
seront	0.00	0.00	-0.13	20	4	6	9	1
vice	0.00	0.00	-0.01	21	4	3	12	2
regarde	0.00	0.00	0.28	20	9	2	8	1
prison	0.00	0.00	-0.11	50	10	11	26	3
s'il	0.00	0.01	0.28	39	15	8	11	5
j'avais	0.00	0.01	0.23	49	20	11	14	4
changer	0.00	0.00	0.08	41	11	7	18	5
tête	0.00	0.01	-0.00	67	11	14	32	10
belle	0.00	0.01	0.18	90	32	19	31	8
folle	0.00	0.00	0.16	21	10	5	6	0
mes	0.00	0.01	0.19	79	28	10	33	8
dis	0.00	0.01	0.22	100	36	22	37	5
fou	0.00	0.00	0.22	30	10	10	5	5
mêmes	0.00	0.01	0.40	34	16	8	6	4
train	0.00	0.01	0.16	40	15	8	14	3
malgré	0.00	0.00	0.04	23	7	4	11	1
s	0.00	0.01	0.00	87	24	16	42	5
toi	0.00	0.02	0.39	118	61	30	16	11
jugée	0.00	0.00	0.02	22	7	7	8	0
claude	0.00	0.00	-0.29	21	2	3	15	1
merde	0.00	0.01	0.32	52	27	11	11	3
françois	0.00	0.00	-0.19	39	5	3	28	3
vs	0.00	0.01	0.33	36	19	2	13	2
tweets	0.00	0.00	-0.01	25	7	3	14	1
vie	0.00	0.02	0.14	151	52	33	54	12
lui	0.00	0.03	0.20	272	118	77	61	16
endossez	0.00	0.00	-0.51	21	0	0	21	0
bon	0.00	0.02	0.05	183	54	41	73	15
f	0.00	0.00	0.11	35	12	5	16	2
faits	0.00	0.00	-0.09	30	4	10	12	4
discussion	0.00	0.00	-0.11	20	3	4	11	2
quelqu'un	0.00	0.00	0.19	31	11	11	6	3
relations	0.00	0.00	-0.29	21	1	4	14	2
pleine	0.00	0.00	0.28	22	9	2	8	3
?!	0.00	0.00	0.55	26	15	5	3	3
prendre	0.00	0.01	-0.04	70	14	22	26	8
nécessaire	0.00	0.00	0.02	24	8	4	11	1
yeux	0.00	0.01	0.11	64	24	23	17	0
salle	0.00	0.00	0.11	25	7	1	15	2
pensez	0.00	0.00	-0.24	23	3	12	7	1
avant	0.00	0.01	-0.03	123	32	24	60	7
santé	0.00	0.00	-0.24	31	3	3	23	2
génération	0.00	0.00	-0.19	23	3	4	15	1
étaient	0.00	0.00	0.05	24	7	5	10	2
choix	0.00	0.00	-0.03	34	7	5	19	3
chambre	0.00	0.00	0.11	25	8	3	13	1
mineur	0.00	0.00	0.80	25	23	2	0	0
poutine	0.00	0.00	-0.41	20	0	1	17	2
membres	0.00	0.00	-0.22	21	2	3	14	2
tariq	0.00	0.00	-0.07	33	4	3	23	3
meilleur	0.00	0.00	0.03	31	7	9	12	3
nadine	0.00	0.00	-0.26	29	2	5	20	2
s'en	0.00	0.01	0.18	68	25	14	23	6
arme	0.00	0.00	-0.10	29	3	7	16	3
mauvais	0.00	0.00	0.17	21	6	3	9	3
allez	0.00	0.01	-0.09	95	22	6	62	5
s'agit	0.00	0.01	0.32	30	15	7	7	1
page	0.00	0.00	-0.10	23	2	2	15	4
heures	0.00	0.00	-0.06	24	4	3	15	2
passer	0.00	0.01	0.10	50	12	10	20	8
anne	0.00	0.00	-0.13	34	6	4	21	3
semaine	0.00	0.00	-0.30	54	3	8	39	4
gérald	0.00	0.01	-0.05	70	20	20	29	1
violer	0.00	0.01	0.51	28	18	5	4	1
ayant	0.00	0.00	-0.13	32	7	6	17	2
témoignages	0.00	0.00	-0.05	42	5	5	23	9
sortir	0.00	0.01	0.61	59	43	3	13	0
combien	0.00	0.00	0.14	22	8	6	7	1
disent	0.00	0.00	0.05	39	12	11	15	1
arrêtez	0.00	0.00	0.20	20	9	5	5	1
simplement	0.00	0.00	0.04	25	6	9	8	2
prochaine	0.00	0.00	-0.01	21	2	6	8	5
faites	0.00	0.01	0.08	78	24	12	38	4
vite	0.00	0.00	-0.06	21	3	2	13	3
arrêter	0.00	0.00	0.28	24	10	4	9	1
dois	0.00	0.00	0.17	20	7	5	6	2
victoire	0.00	0.00	-0.44	23	1	2	20	0
demander	0.00	0.00	0.04	20	3	4	8	5
quelle	0.00	0.01	0.24	87	39	20	24	4
parfaite	0.00	0.00	-0.10	23	6	9	7	1
votre	0.00	0.02	0.12	188	64	42	66	16
françoise	0.00	0.00	0.24	22	10	0	12	0
vos	0.00	0.01	0.23	97	39	16	33	9
=	0.00	0.01	0.38	62	33	14	11	4
